{"cameraMode":{"drawMode":0,"name":"Shaded","section":"Shading Mode"},"sceneLighting":true,"audioPlay":false,"sceneViewState":{"showFog":true,"showMaterialUpdate":false,"showSkybox":true,"showFlares":true,"showImageEffects":true,"showParticleSystems":true},"in2DMode":false,"pivot":{"x":33.64279556274414,"y":9.921991348266602,"z":17.910888671875},"rotation":{"x":-0.11017468571662903,"y":0.6206945180892944,"z":-0.08867450803518295,"w":-0.771195650100708},"size":44.9422492980957,"orthographic":false}