{"cameraMode":{"drawMode":0,"name":"Shaded","section":"Shading Mode"},"sceneLighting":false,"audioPlay":false,"sceneViewState":{"showFog":true,"showMaterialUpdate":false,"showSkybox":true,"showFlares":true,"showImageEffects":true,"showParticleSystems":true},"in2DMode":false,"pivot":{"x":367.23956298828127,"y":250.17405700683595,"z":-7.577392578125},"rotation":{"x":-0.023398999124765397,"y":-0.010807309299707413,"z":0.00025281746638938785,"w":-0.999670684337616},"size":698.7052612304688,"orthographic":false}