{"cameraMode":{"drawMode":0,"name":"Shaded","section":"Shading Mode"},"sceneLighting":true,"audioPlay":false,"sceneViewState":{"showFog":true,"showMaterialUpdate":false,"showSkybox":true,"showFlares":true,"showImageEffects":true,"showParticleSystems":true},"in2DMode":false,"pivot":{"x":-27.540002822875978,"y":10.510000228881836,"z":2.4400010108947756},"rotation":{"x":0.010800406336784363,"y":-0.4357518255710602,"z":-0.005229124799370766,"w":-0.8999882936477661},"size":20.47442626953125,"orthographic":true}